{
  "seed": 20260523,
  "model": "Hierarchical Bayes marked Hawkes (exp kernel), per-cycle (mu0, alpha, beta, kappa), pooled gamma",
  "n_events": 434,
  "n_cycles": 17,
  "cycles_modeled": [
    9,
    10,
    11,
    12,
    13,
    14,
    15,
    16,
    17,
    18,
    19,
    20,
    21,
    22,
    23,
    24,
    25
  ],
  "n_params_total": 77,
  "sampling": {
    "tune": 1500,
    "draws": 1500,
    "chains": 4,
    "max_rhat": 1.0,
    "min_ess_bulk": 2778.0,
    "divergent": 0
  },
  "hyperposteriors": {
    "mu_mu": {
      "median": -5.548565041066199,
      "hdi_95": [
        -5.7922285394056905,
        -5.324798574176491
      ]
    },
    "sigma_mu": {
      "median": 0.3800772823113415,
      "hdi_95": [
        0.22256338614094637,
        0.639478167031699
      ]
    },
    "mu_alpha": {
      "median": -2.3798499945574876,
      "hdi_95": [
        -2.791736994126124,
        -1.9968773163847278
      ]
    },
    "sigma_alpha": {
      "median": 0.11381000308066146,
      "hdi_95": [
        0.005184141059436709,
        0.40341015008522374
      ]
    },
    "mu_beta": {
      "median": -0.5123156470634795,
      "hdi_95": [
        -0.7964311745888227,
        -0.25305733875585384
      ]
    },
    "sigma_beta": {
      "median": 0.10458819773727195,
      "hdi_95": [
        0.004844554331602394,
        0.35376019608729087
      ]
    },
    "mu_kappa": {
      "median": 1.057716372908463,
      "hdi_95": [
        0.4659260921821301,
        1.6073493641589103
      ]
    },
    "sigma_kappa": {
      "median": 0.201203451040054,
      "hdi_95": [
        0.008566295179836482,
        0.7894346014791662
      ]
    },
    "gamma": {
      "median": 2.15302548048304,
      "hdi_95": [
        1.8085683737029785,
        2.50154166795437
      ]
    }
  },
  "per_cycle": {
    "SC9": {
      "n_events": 33,
      "mu0_median": 0.003977000324321644,
      "mu0_hdi95": [
        0.002709797433535717,
        0.005659887281401461
      ],
      "alpha_median": 0.09659990411314126,
      "beta_median": 0.5691946144991271,
      "halflife_days_median": 1.7568683443710509,
      "kappa_median": 1.1237292015143938
    },
    "SC10": {
      "n_events": 63,
      "mu0_median": 0.009415454113653965,
      "mu0_hdi95": [
        0.006759432357763413,
        0.012575679695791072
      ],
      "alpha_median": 0.089383123753627,
      "beta_median": 0.6007564066153328,
      "halflife_days_median": 1.664568182691566,
      "kappa_median": 1.129114276475561
    },
    "SC11": {
      "n_events": 22,
      "mu0_median": 0.0034301925394398395,
      "mu0_hdi95": [
        0.002246855670426899,
        0.005064011522538676
      ],
      "alpha_median": 0.09249542872249869,
      "beta_median": 0.6007988949943496,
      "halflife_days_median": 1.6644504647589355,
      "kappa_median": 1.0122254611445842
    },
    "SC12": {
      "n_events": 12,
      "mu0_median": 0.003323533736542614,
      "mu0_hdi95": [
        0.0019110721995933121,
        0.005174771766244057
      ],
      "alpha_median": 0.09222431149456872,
      "beta_median": 0.5912067530925678,
      "halflife_days_median": 1.6914556452020528,
      "kappa_median": 1.120577187369875
    },
    "SC13": {
      "n_events": 18,
      "mu0_median": 0.004059692463657317,
      "mu0_hdi95": [
        0.0025951699730592625,
        0.006063736667491596
      ],
      "alpha_median": 0.09069858922789184,
      "beta_median": 0.6083291107155688,
      "halflife_days_median": 1.6438470268564236,
      "kappa_median": 0.9903277605748327
    },
    "SC14": {
      "n_events": 12,
      "mu0_median": 0.0035498294016984362,
      "mu0_hdi95": [
        0.0020823967782551854,
        0.005504323191518066
      ],
      "alpha_median": 0.09149981374701266,
      "beta_median": 0.6093304845849725,
      "halflife_days_median": 1.641145528245022,
      "kappa_median": 1.0139241735865565
    },
    "SC15": {
      "n_events": 12,
      "mu0_median": 0.002863532341106769,
      "mu0_hdi95": [
        0.0016448607844572326,
        0.004500529749151314
      ],
      "alpha_median": 0.09488068157658665,
      "beta_median": 0.5985030388475787,
      "halflife_days_median": 1.6708352925417156,
      "kappa_median": 1.1126323675474366
    },
    "SC16": {
      "n_events": 18,
      "mu0_median": 0.004378967994501114,
      "mu0_hdi95": [
        0.0027834741122287985,
        0.006634326886683194
      ],
      "alpha_median": 0.09199859609582567,
      "beta_median": 0.6045449428498766,
      "halflife_days_median": 1.6541367384299246,
      "kappa_median": 1.035686471916815
    },
    "SC17": {
      "n_events": 29,
      "mu0_median": 0.0038232483033118574,
      "mu0_hdi95": [
        0.002464432462085705,
        0.005543651320720658
      ],
      "alpha_median": 0.09554582674498555,
      "beta_median": 0.5527386798994848,
      "halflife_days_median": 1.8091731886428672,
      "kappa_median": 1.0609404075775424
    },
    "SC18": {
      "n_events": 36,
      "mu0_median": 0.004463676656586566,
      "mu0_hdi95": [
        0.0030841036086255223,
        0.006344456021087227
      ],
      "alpha_median": 0.09366600533768404,
      "beta_median": 0.6134094901541536,
      "halflife_days_median": 1.6302323587277625,
      "kappa_median": 1.0980806608819718
    },
    "SC19": {
      "n_events": 54,
      "mu0_median": 0.004941507054737254,
      "mu0_hdi95": [
        0.003451987587442574,
        0.006862443154645954
      ],
      "alpha_median": 0.09452805547874556,
      "beta_median": 0.5982530271756011,
      "halflife_days_median": 1.6715335394474766,
      "kappa_median": 1.0532592695866851
    },
    "SC20": {
      "n_events": 26,
      "mu0_median": 0.004472004010562648,
      "mu0_hdi95": [
        0.002991306811421551,
        0.006433412351405032
      ],
      "alpha_median": 0.09039170966074304,
      "beta_median": 0.6033283167616942,
      "halflife_days_median": 1.6574723450200421,
      "kappa_median": 1.0672364327573454
    },
    "SC21": {
      "n_events": 27,
      "mu0_median": 0.0036817122555491246,
      "mu0_hdi95": [
        0.002430666825893576,
        0.005373329437380709
      ],
      "alpha_median": 0.09095806727734052,
      "beta_median": 0.6076196598763135,
      "halflife_days_median": 1.6457663667491587,
      "kappa_median": 1.050035764389147
    },
    "SC22": {
      "n_events": 28,
      "mu0_median": 0.0035673371769238673,
      "mu0_hdi95": [
        0.0022959222894458637,
        0.005307576233758652
      ],
      "alpha_median": 0.09320095254561879,
      "beta_median": 0.5899033080465688,
      "halflife_days_median": 1.6951930703888458,
      "kappa_median": 1.0819761797671608
    },
    "SC23": {
      "n_events": 31,
      "mu0_median": 0.004267658627560464,
      "mu0_hdi95": [
        0.002943593450169896,
        0.006137794144254628
      ],
      "alpha_median": 0.09103412016450266,
      "beta_median": 0.6045968843722981,
      "halflife_days_median": 1.6539946298899897,
      "kappa_median": 1.0180652161341692
    },
    "SC24": {
      "n_events": 3,
      "mu0_median": 0.0022678958619767884,
      "mu0_hdi95": [
        0.0010785626190056598,
        0.0038582176688976757
      ],
      "alpha_median": 0.09094341535418995,
      "beta_median": 0.6032713016129672,
      "halflife_days_median": 1.6576289926709573,
      "kappa_median": 1.055043944513857
    },
    "SC25": {
      "n_events": 10,
      "mu0_median": 0.0030970032874417424,
      "mu0_hdi95": [
        0.00174828730762964,
        0.0050556975861783685
      ],
      "alpha_median": 0.09285255805889708,
      "beta_median": 0.6045163332740902,
      "halflife_days_median": 1.6542150227504209,
      "kappa_median": 1.0945675258694905
    }
  },
  "sc25_forecast": {
    "window_start": "2025-06-01",
    "window_end": "2030-12-31",
    "S_forecast_assumed_sfu": 189.8071800783391,
    "n_sc25_observed_to_date": 10,
    "median_forward_G4plus": 23,