{
  "split_date": "2016-01-01",
  "train": {
    "N": 327,
    "T_days": 54056.0,
    "T_years": 147.99726214921287,
    "G4": 288,
    "G5": 39
  },
  "test": {
    "N": 12,
    "T_days": 3652.0,
    "T_years": 9.998631074606434,
    "G4": 11,
    "G5": 1
  },
  "train_mle": {
    "mu0": 0.004586346998525387,
    "gamma": 0.9726023707681519,
    "alpha": 0.1129650217586974,
    "beta": 0.628709539065452,
    "kappa": 0.8696813507883006,
    "eta_g4": 0.1796776010852559,
    "eta_g5": 0.42873777744204034,
    "exp_kappa": 2.3861503874297996,
    "inv_beta": 1.5905596111782465,
    "mu0_per_yr": 1.6751632412113977
  },
  "v7_full": {
    "mu0": 0.00443,
    "gamma": 0.995,
    "alpha": 0.1133,
    "beta": 0.6424,
    "kappa": 0.899
  },
  "holdout_loglik": {
    "hawkes": -67.84001846656555,
    "poisson_null": -83.38576654078429,
    "ssn_poisson": -72.68650979508982,
    "delta_vs_poisson": 15.545748074218736,
    "delta_vs_ssn_poisson": 4.846491328524266,
    "delta_per_event_vs_poisson": 1.2954790061848946
  },
  "time_rescaling": {
    "N": 12,
    "tau_mean": 1.1769551532630826,
    "tau_var": 1.12612515609084,
    "ks_p": 0.838457221490867,
    "lag1_r": -0.20152856652202425,
    "lag1_p": 0.5523638836833311
  },
  "cumcount": {
    "expected_total": 14.719056166314466,
    "observed": 12,
    "pois_band_low": 8.0,
    "pois_band_high": 23.0
  },
  "rolling30d": {
    "n_days": 3623,
    "mean_pred": 0.1048606530896646,
    "obs_rate": 0.07535191829975159,
    "brier": 0.040009492071049306,
    "brier_clim": 0.06967400670829915,
    "brier_skill": 0.42576157219499167
  },
  "marks": {
    "g5_obs": 1,
    "n_test": 12,
    "g5_frac_obs": 0.08333333333333333,
    "g5_frac_train": 0.11926605504587157,
    "binom_p": 1.14365787448807
  }
}