{
  "model": "v9 marked Hawkes with cycle-dependent productivity \u03b1(t) = \u03b10 * (S(t)/Sbar)^\u03b4",
  "full_mle": {
    "mu0": 0.004432424587625638,
    "gamma": 0.9883369198722705,
    "alpha0": 0.16414361867829663,
    "beta": 0.6393579306643973,
    "kappa": 0.8898353404234642,
    "delta": 0.22208750479129935,
    "inv_beta": 1.5640691262886763,
    "exp_kappa": 2.434728716882434,
    "mu0_per_yr": 1.6189430806302643,
    "logL_full": -1833.521824578154,
    "AIC_v9": 3679.043649156308,
    "logL_v7_restricted": -1834.1552423363744,
    "AIC_v7": 3678.3104846727488,
    "LRT_chi2": 1.2668355164405511,
    "LRT_p": 0.2603611753524384,
    "delta_AIC": 0.7331644835594489
  },
  "branching": {
    "eta_g4_min": 0.11939734961231604,
    "eta_g5_min": 0.29070015582075764,
    "eta_g4_max": 0.19450018748808487,
    "eta_g5_max": 0.4735551919162577,
    "ratio_max_min": 1.6290159548736067
  },
  "train_mle_1868_2015": {
    "mu0": 0.004585338348074462,
    "gamma": 0.9659623221307949,
    "alpha0": 0.1685974654708633,
    "beta": 0.6254132144513254,
    "kappa": 0.8621064105139161,
    "delta": 0.21089903091456952,
    "logL_train": -1765.8069414202625
  },
  "oos_test_2016_2025": {
    "N_test": 12,
    "logL_v9": -67.7700099015778,
    "logL_v8": -67.84001826873396,
    "logL_poisson": -83.38576654078429,
    "delta_v9_v8": 0.07000836715616288,
    "delta_v9_poisson": 15.615756639206495,
    "ks_p": 0.7945153545857362,
    "lag1_r": -0.204900399875904,
    "lag1_p": 0.5455908589779334,
    "expected_total": 14.733678180591806,
    "observed_total": 12,
    "pois_two_sided_p": 0.5805238526680657,
    "brier": 0.040400099547412305,
    "brier_clim": 0.06967400670829915,
    "brier_skill": 0.4201553569819304,
    "v8_brier_skill": 0.42576157219499167
  },
  "bootstrap_ci_95": {
    "\u03bc0": [
      0.003572157077680274,
      0.005055479475127342
    ],
    "\u03b3": [
      -0.18295581854368922,
      0.17531606138623815
    ],
    "\u03b10": [
      0.14433365762002318,
      0.25615238123769957
    ],
    "\u03b2": [
      0.39435991871495146,
      0.7786296213982503
    ],
    "\u03ba": [
      0.3279116086944303,
      1.4139692761179243
    ],
    "\u03b4": [
      -0.1593495993192404,
      0.21373524122212278
    ]
  }
}